source_code,name,type,area
80101268,"COL. NUEVA ERA ( ETAPA I , II , III )",colony,
80101128,COL. CENTROAMERICA ( ETAPA I ),colony,
80101450,COL. FECESITLICH ( SECTOR III ),colony,
80101193,COL. KENNEDY,colony,
80101231,COL.LOMAS DE TILOARQUE ( II ),colony,
80101451,COL. RES LOS ZORZALES,colony,
80101472,COL. RES LOS CALPULES,colony,
80101481,COL. RES VILLA SUYAPA,colony,
80103046,AGUA BLANCA,other,
80137005,AGUA DULCE,other,
80101603,AGUA DULCE N.1,other,
80101716,ALDEA EL DURAZNO,village,
80101610,ALDEA EL NARANJAL,village,
80150001,ALDEA EL TABLON,village,
8015101,ALDEA GUADALUPE,village,
80101382,ALDEA LA JOYA,village,
80118001,ALDEA LA CALERA,village,
80101524,ALDEA LA CANADA,village,
80101623,ALDEA LA CUESTA,village,
8011901,ALDEA LA CUESTA N.2,village,
80101371,ALDEA LA SOLEDAD,village,
80101372,ALDEA LA TRAVESIA,village,
80101617,ALDEA LAS CASITAS,village,
80101635,ALDEA NUEVA FLORES,village,
80101639,ALDEA RIO ABAJO,village,
80101373,ALDEA SUYAPA,village,
80101640,ALDEA TIERRA BLANCA,village,
80101666,ALDEA VILLAREAL,village,
80153001,ALDEA YAGUACIRE,village,
80104006,ALDEA DE SAN ANTONIO,village,
80139004,ALTOS DE SANTA ROSA,other,
10000064,AMARATECA,other,
80102001,AMARATECA O LA JAGUA,other,
80104002,ASERRADERO EL PINO,other,
80101374,AVE. LA PAZ,other,
80101649,B. ALTOS DE LA HOLLA,neighborhood,
80101667,B. CASAMATA,neighborhood,
80101653,B. EL RINCON,neighborhood,
80101671,B. LA CABAÑA,neighborhood,
80101647,B. LA LEONA,neighborhood,
80101708,B. LA PLANZUELA,neighborhood,
80101659,B. LAS CRUCITAS,neighborhood,
80101662,B. LA PAGODA,neighborhood,
80102002,BALNEARIO SAN FRANCISCO,other,
80108002,BARRANCO BLANCO,other,
80101624,BARRIO GUADALUPE,neighborhood,
80101718,BARRIO LA RONDA,neighborhood,
80141020,BELLA VISTA,other,
80101017,BO. EL CHILE,neighborhood,
80101001,BO. ABAJO,neighborhood,
80101383,BO. ALTOS DEL BOSQUE O 13 DE F,neighborhood,
80101002,BO. BELEN,neighborhood,
80101003,BO. VELLA VISTA,neighborhood,
80101004,BO. BOLIVAR,neighborhood,
80101005,BO. BRISAS DEL PICACHO,neighborhood,
80101006,BO. BUENA VISTA,neighborhood,
80101007,BO. BUENOS AIRES,neighborhood,
80101008,BO. BARRIO CAMAGUARA,neighborhood,
80101010,BO. CENTRO DE COMAYAGUELA,neighborhood,
80101011,BO. CENTRO DE,neighborhood,
80101012,BO. CONCEPCION,neighborhood,
80101013,BO. EL BOSQUE,neighborhood,
80101014,BO. EL CALVARIO,neighborhood,
80101015,BO. EL CARRIZAL,neighborhood,
80101016,BO. EL COCO,neighborhood,
80101018,BO. EL EDEN,neighborhood,
80101021,BO. EL JAZMIN,neighborhood,
80101022,BO. EL MANCHEN,neighborhood,
80101023,BO. EL OBELISCO,neighborhood,
80101024,BO. EL OLVIDO,neighborhood,
80101025,BO. EL PASTEL,neighborhood,
80101026,BO. EL PEDREGALITO,neighborhood,
80101384,BO. EL SOCORRO,neighborhood,
80101020,BO. GUANACASTE,neighborhood,
80101094,BO. LA ZARAGOSA,neighborhood,
80101385,BO. LOS HIGUEROS,neighborhood,
80101072,BO. MIRAMESI,neighborhood,
80101073,BO. MORAZAN,neighborhood,
80101074,BO. PERPETUO SOCORRO,neighborhood,
80101075,BO. PLANES DE LA LOMA,neighborhood,
80101076,BO. PURBLO NUEVO,neighborhood,
80101077,BO. PUNTA CALIENTE,neighborhood,
80101078,BO. SALIDA A VALLE DE ANGELES,neighborhood,
80101079,BO. SALIDA AL SUR,neighborhood,
80101080,BO. SAN CRISTOBAL,neighborhood,
80101081,BO. SAN FELIPE,neighborhood,
80101386,BO. SAN ISIDRO,neighborhood,
80101082,BO. SAN JORGE,neighborhood,
80101083,BO. SAN JUAN DE DIOS,neighborhood,
80101085,BO. SAN PABLO,neighborhood,
80101086,BO. SAN RAFAEL,neighborhood,
80101088,BO.SAUCIQUE,neighborhood,
80101089,BO. SIPILE,neighborhood,
80101090,BO. TILOARQUE ( SECTOR I ),neighborhood,
80101093,BO. VIERA,neighborhood,
80101092,BO. VILLA ADELA,neighborhood,
80101502,BO. VILLA EL CIRUELO,neighborhood,
80101537,BO. ALTOS DEL EDEN,neighborhood,
80101302,CALAIRE O PACONAL,other,
80102022,CALPULES,other,
80108003,CARBONCITOS,other,
80104001,CARPINTERO,other,
80108004,CASA QUEMADA,other,
80101586,CASERIO EL MOGOTE,hamlet,
80102004,CENTRO DIAMANTE,other,
80105001,CERRO GRANDE,other,
80101375,CERRO JUANA LAINES,other,
80101545,CIUDAD MATEO,other,
80106001,COA ABAJO,other,
80107001,COA ARRIBA,other,
80108001,COFRADIA,other,
80101142,COL. EL HATO O SAN IGNACIO,colony,
80101620,COL. CANAAN,colony,
80101239,COL. LOS ANGELES,colony,
80101613,COL. MONSEÑOR FIALLOS,colony,
80101572,COL. NUEVA CAPITAL,colony,
80101722,COL. VILLAS TOSCANA,colony,
80101704,COL. 23 DE JUNIO,colony,
80101625,COL. REPARTO POR BAJO,colony,
80101278,COL. 11 DE JUNIO O SUAZO CORDOVA,colony,
80101346,COL. 13 DE JULIO,colony,
80101388,COL.14 DE ENERO,colony,
80101126,COL.14 DE FEBRERO,colony,
80101127,COL. 14 DE MARZO,colony,
80101290,COL.15 DE SEPTIEMBRE,colony,
80101389,COL. 17 DE SEPTIEMBRE,colony,
80101390,COL. 19 DE SEPTIEMBRE,colony,
80101353,COL.21 DE FEBRERO,colony,
80101354,COL. 21 DE OCTUBRE,colony,
80101352,COL. 28 DE MARZO,colony,
80101347,COL. 30 DE NOVIEMBRE,colony,
80101095,COL. LA ALAMEDA,colony,
10000018,COL. ALEMAN,colony,
80101098,COL. ALEMANIA NO.2,colony,
80101097,COL. ALEMANIA NO.1,colony,
80101099,COL. ALTAMIRA,colony,
80101100,COL. ALTOS DE CANTERO,colony,
80101392,COL. ALTOS DE ELVEL,colony,
80101394,COL. JARDINES DE LOARQUE,colony,
80101395,COL. ALTOS DE LA CABAÑA,colony,
80101101,COL. ALTOS DE LA DIVANANNA,colony,
80101253,COL. ALTOS DE LA MAYANGLE,colony,
80101102,COL. ALTOS DE LA PRIMAVERA,colony,
80101652,COL. ALTOS DE LAS HADAS,colony,
80101396,COL. ALTOS DE LAS TAPIAS,colony,
80101103,COL. ALTOS DE LAS VEGAS,colony,
80101104,COL. ALTOS DE LOARQUE,colony,
80101397,COL. ALTOS DE LOS LAURELES,colony,
80101398,COL. ALTOS DE MIRAMESI,colony,
80101105,COL. ALTOS DE MIRAMONTES,colony,
80101399,COL. ALTOS DE SAN ISIDRO,colony,
80101107,COL. ALTOS DE SAN JOSE,colony,
80101632,COL. ALTOS DE SANTA ROSA,colony,
80101108,COL. ALTOS DE TILOARQUE,colony,
80101400,COL. ALTOS DE TONCONTIN,colony,
80101612,COL. ALTOS DE VILLADELA,colony,
80101109,COL. ALTOS DEL MILAGRO,colony,
80101401,COL. ALTOS DEL PARAISO,colony,
80101547,COL. ALTOS DEL PEDREGALITO,colony,
80101110,COL. AMERICA,colony,
80101111,COL. ARGENTINA,colony,
80101711,COL. ARSIERI,colony,
80101402,COL. ARTURO QUESADA,colony,
80101112,COL. AURORA NO.1,colony,
80101113,COL. AYESTAS,colony,
80101114,COL. BELLA ORIENTE,colony,
80101404,COL. VELLA VISTA ORIENTE,colony,
80101115,COL. BENDECK,colony,
80101405,COL. BERNARDO DAZZI,colony,
80101406,COL. BETHEL O DIOS PROVEERA,colony,
80101116,COL. BOLIVAR,colony,
80101117,COL. BRASILIA,colony,
80101387,COL. BRISAS DE LA LAGUNA,colony,
80101119,COL. BRISAS DE OLANCHO,colony,
80101120,COL. BRISAS DE SUYAPA,colony,
80101407,COL. BRISAS DEL CORTIJO,colony,
80101005,COL. BRISAS DEL NORTE,colony,
80101122,COL. BRISAS DEL VALLE,colony,
80101123,COL. BUENAS NUEVAS,colony,
80101714,COL. CALAPANGUA,colony,
80101408,COL. CAMPANA ARRIBA,colony,
80101124,COL. CAMPO CIELO,colony,
80102034,COL. CAMPO VERDE,colony,
80101125,COL. CANADA,colony,
80101410,COL. CANTARERO LOPEZ,colony,
80101411,COL. CASAVOLA,colony,
80101129,COL. CENTRO AMERICA OESTE,colony,
80101672,COL. CENTROAMERICANA,colony,
80101138,COL. EL CERRITO,colony,
80101130,COL. CERRO GRANDE,colony,
80101131,COL. CIUDAD NUEVA,colony,
80101412,COL.COFRADIA,colony,
8014601,COL. CONTINENTAL,colony,
80101413,COL. COOPERATIVA LAS MERCEDES,colony,
80101414,COL. COVESPUL,colony,
80101132,COL. CRUZ ROJA,colony,
80101133,COL. DIVANNA,colony,
80102033,COL. DIVINA PROVIDENCIA,colony,
80101629,COL.DORA DE AZSURA,colony,
80101675,COL. ECOVIVIENDA,colony,
80101145,COL. EL PEDERNAL,colony,
80101096,COL. EL ALAMO,colony,
80101134,COL. EL CARRIZAL NO. 1,colony,
80101135,COL. EL CARRIZAL NO. 2,colony,
80101136,COL EL CASTANO,colony,
80101137,COL EL CASTANO SUR,colony,
80101139,COL. EL COUNTRY,colony,
80101140,COL. EL DORADO,colony,
80101141,COL. EL HATILLO,colony,
80101143,COL. EL HOGAR,colony,
80101144,COL. EL MANANTIAL,colony,
8014602,COL. EL PEDREGALITO NO. 2,colony,
80101146,COL. EL PORVENIR,colony,
80101147,COL. EL PRADO,colony,
80101148,COL. EL PROGRESO NO. 1,colony,
80101149,COL. EL PROGRESO NO. 2,colony,
80101151,COL. EL ROSARIO,colony,
80101152,COL. EL SITIO,colony,
80101153,COL. EL SOCORRO,colony,
80101154,COL. EL TRIANGULO,colony,
80101157,COL. EL ELVEL,colony,
80101197,COL. ERA NO.1,colony,
80101198,COL. ERA NO. 2,colony,
80101158,COL. EL ESPIRITU SANTO,colony,
80101159,COL. ESTADOS UNIDOS,colony,
80101416,COL. ESTIQUIRIN,colony,
80101417,COL. EUGENIO MATUTE CANIZALES,colony,
80101160,COL. FALDAS DEL PEDREGAL,colony,
80101161,COL. FATIMA,colony,
80101162,COL. FEHCOVIL,colony,
80101681,COL. LA FELICIDAD,colony,
80101165,COL. FLOR DEL CAMPO,colony,
80101163,COL. FLOR NO.1,colony,
80101164,COL. FLOR NO.2,colony,
80101167,COL. FLORENCIA NORTE,colony,
80101168,COL. FLORENCIA SUR,colony,
80101169,COL. FLORES DE ORIENTE,colony,
80101170,COL. FRANCISCO MORAZAN,colony,
80101171,COL. FRANCISCO MURILLO SOTO,colony,
80101420,COL. FUERZAS ARMADAS,colony,
80101172,COL. FUERZAS UNIDAS,colony,
80101173,COL. GODOY,colony,
80101295,COL. GRACIAS A DIOS,colony,
80101294,COL. GRANADA,colony,
80101175,COL. GUAMILITO,colony,
80101295,COL. GUAYMURAS,colony,
80101176,COL. GUILLEN,colony,
80141028,COL. EL HABITAT,colony,
80101177,COL. HATO DE ENMEDIO SECTOR 1,colony,
80101616,COL. HAYA,colony,
80101178,COL. HENRY MERRIAN,colony,
80101421,COL. HERMANOS REINA,colony,
80101650,COL. HOLLYWOOD,colony,
80101179,COL. HOLYWOOD,colony,
80101180,COL. HUMUYA,colony,
80101422,COL. IBERIA,colony,
80101181,COL. INESTROZA,colony,
80101183,COL. INTERAMERICANA,colony,
80101185,COL. ISRAEL NORTE,colony,
80101186,COL. ISRAEL SUR,colony,
80101184,COL. IZAGUIRRE,colony,
80101187,COL. JACARANDA,colony,
80101423,COL. JAPON,colony,
80101644,COL. JARDIN DE LAS MERCEDES,colony,
80101424,COL. JARDINES DE MIRAFLORES,colony,
80101189,COL. JARDINES DE SAN JOSE,colony,
80101190,COL. JARDINES DE TONCONTIN,colony,
80101191,COL. JARDINES DEL CARRIZAL,colony,
80101425,COL. JARDINES DEL NORTE,colony,
80101677,COL. JOSE ANGEL ULLOA,colony,
80101426,COL. JOSE ARTURO DUARTE,colony,
80101192,COL. JOSE SIMON AZCONA,colony,
80101427,COL. JUAN LINDO,colony,
80101194,COL. LA CAMPANA,colony,
80101428,COL. LA CAMPANA O MAYA CENTRO,colony,
80101641,COL. LA CAÑADA,colony,
80101199,COL. LA ESPERANZA,colony,
80101200,COL. LA FRATERNIDAD,colony,
80101201,COL. LA FUENTE,colony,
80101202,COL. LA HAYA,colony,
80101182,COL. LA INDEPENDENCIA,colony,
80101203,COL. LA JOYA,colony,
80101204,COL. LA LAGUNA,colony,
80101429,COL. LA LIBERTAD,colony,
80101205,COL. LA PENA,colony,
80101660,COL. LA PEÑA,colony,
80101206,COL. LA POPULAR,colony,
80101207,COL. LA PRADERA,colony,
80101208,COL. LA PRIMAVERA,colony,
80101209,COL LA PROVIDENCIA,colony,
80101210,COL. LA REFORMA,colony,
80101211,COL. LA ROSA,colony,
80101212,COL. LA SOSA,colony,
80101213,COL. LA TRINIDAD,colony,
80101215,COL. LA UNION,colony,
80101216,COL. LARA,colony,
80101217,COL. LAS BRISAS,colony,
80101195,COL. LAS CANTERAS,colony,
80101430,COL. LAS GRANJITAS,colony,
80101234,COL. LAS LOMAS DEL GUIJARRO,colony,
80101218,COL. LAS MERCEDES,colony,
80101219,COL. LAS MINITAS,colony,
80101220,COL. LAS PALMAS,colony,
80101221,COL. LAS PAVAS,colony,
80101222,COL. LAS TORRES,colony,
80101431,COL. LAS VEGAS,colony,
80101223,COL. LAS VEGAS DEL CARRIZAL,colony,
80101224,COL. LAS VEGAS DEL COUNTRY,colony,
80101433,COL. LAS VEGAS DE LA FLOR DEL CAMPO,colony,
80101434,COL. LAS VEGAS DEL RIO,colony,
80101435,COL. LAS VEGAS DEL FECESITLICH,colony,
80101225,COL. LINCON,colony,
80101226,COL. LINDA VISTA O PLANES DEL,colony,
80101227,COL. LINTON,colony,
80101436,COL. LOARQUE SUR,colony,
80101638,COL. LOLO,colony,
80101228,COL. LOMA LAS MINITAS,colony,
80101229,COL. LOMA LINDA NORTE,colony,
80101230,COL. LOMA LINDA SUR,colony,
80101299,COL. LOMAS DE JACALEAPA,colony,
80101703,COL. LOMAS DEL NABU,colony,
80101645,COL. LOMAS DEL TISATILLO,colony,
80101633,COL. LOMAS DE TONCONTIN,colony,
80101232,COL. LOMAS DEL CORTIJO,colony,
80101233,COL. LOMAS DEL COUNTRY,colony,
80101235,COL. LOMAS DEL GUIJARRO SUR,colony,
80101236,COL. LOMAS DEL MAYAC O PROFESI,colony,
80101237,COL. LOMAS DEL NORTE,colony,
80101541,COL. LOMITAS DE SUYAPA,colony,
80101238,COL. LOS ALMENDROS,colony,
80101240,COL. LOS CENTENOS,colony,
80101241,COL. LOS GIRASOLES,colony,
80101437,COL. LOS MOLINOS ( PROYECTO),colony,
80101242,COL. LOS OLMOS,colony,
80101243,COL. LOS PERIODISTAS,colony,
80101244,COL. LOS PINOS,colony,
80101245,COL. LOS PROCEDERES,colony,
80101293,COL. LOS PROFESORES,colony,
80101247,COL. LOS SORZALES NO. 1,colony,
80101438,COL. LUIS CORDOVA O CAPRISA,colony,
80101250,COL. MARADIAGA,colony,
80101439,COL. MARIA CRISTINA,colony,
80101251,COL. MARICHAL,colony,
80101252,COL. MATAMOROS,colony,
80101254,COL. MELGAR CASTRO,colony,
80101661,COL. MILENIUM SUR,colony,
80101255,COL. MIRADOR DE LOARQUE,colony,
80101263,COL. MIRADOR DE ORIENTE,colony,
80101256,COL. MIRADOR DE SAN ISIDRO,colony,
80101257,COL. MIRAFLORES,colony,
80101258,COL. MIRAFLORES SUR,colony,
80101259,COL. MIRAMONTES,colony,
80101260,COL. MODELO,colony,
80101261,COL. MODESTO RODAS ALVARADO,colony,
80101264,COL. MONTELIMAR,colony,
10000019,COL. MONTERREY,colony,
80101266,COL. MONTERREY NORTE,colony,
80101441,COL. NUEVO AMANECER,colony,
80101442,COL. NUEVA DANLI,colony,
80101269,COL. NUEVA ERA,colony,
80101452,COL. NUEVA ESPANA,colony,
80101270,COL. NUEVA ESPERANZA,colony,
80101655,COL. NUEVA GALILEA,colony,
80101713,COL. NUEVA JERUSALEN,colony,
80101637,COL. NUEVA ORIENTAL,colony,
80101443,COL. NUEVA OROCUINA,colony,
80101271,COL. NUEVA PROVIDENCIA,colony,
80101272,COL. NUEVA SANTA ROSA,colony,
80101273,COL. NUEVA SUYAPA,colony,
80101274,COL. NUEVAS DELICIAS,colony,
80101275,COL. NUEVO LOARQUE,colony,
80101276,COL. NUEVOS HORIZONTES,colony,
80101277,COL. OBRERA,colony,
80101279,COL. OSCAR A FLORES,colony,
80101444,COL. OSCAR CASTRO TEJEDA,colony,
80101280,COL. PALERMO,colony,
80101281,COL. PALMIRA,colony,
80101445,COL. PARCALTAGUA,colony,
80101282,COL. PAYAQUI,colony,
80101283,COL. PEDREGAL DE SAN JOSE,colony,
80101284,COL. PEREZ,colony,
80101286,COL. PLAN DE LOS PINOS,colony,
80101287,COL. POLICARPO PAZ GARCIA,colony,
80101446,COL. PREDIOS DEL RECREO,colony,
80101447,COL. PUEBLO NUEVO,colony,
80101289,COL. QUEZADA,colony,
80101448,COL. RAMON LEONARDO CALLEJAS,colony,
80101615,COL. RAMON AMADOR,colony,
80101449,COL. RAMON AMAYA AMADOR NO.1,colony,
80101291,COL. REPARTO MANDOFER,colony,
80101622,COL. REPARTO POR ARRIBA,colony,
80101306,COL. REPUBLICA DE VENEZUELA,colony,
80101498,COL. RES. AEREOPUERTO,colony,
80101453,COL. RES. ALTA VISTA,colony,
80101292,COL. RES. ALTOS DE LAS COLINAS,colony,
80101454,COL. RES. ALTOS DEL TRAPICHE,colony,
80101455,COL. RES. ATLANTIS,colony,
80101456,COL. RES. BUENA VISTA,colony,
80101457,COL. RES. CENTRO AMERICA ESTE,colony,
80101460,COL. RES. EL JARDIN,colony,
80101461,COL. RES. FRANCISCO MORAZAN,colony,
80101462,COL. RES. GRACIAS A DIOS,colony,
80101463,COL. RES. LA HONDURAS,colony,
80101196,COL. RES. LA CANADA,colony,
80101464,COL. RES. LA HACIENDA,colony,
80101298,COL. RES. LARA NORTE,colony,
80101296,COL. RES. LAS COLINAS,colony,
80101465,COL. RES. LAS HADAS,colony,
80101297,COL. RES. LAS JOYAS,colony,
80101466,COL. RES. LAS VEGAS,colony,
80101468,COL. RES. LEMPIRA,colony,
80101469,COL. RES. LOMA ALTA,colony,
80101470,COL. RES. LOMAS DE SAN JOSE,colony,
80101473,COL. RES. LOS MANGOS,colony,
80101474,COL. RES. LUINIZA,colony,
80101249,COL. RES. LUIS LANDA,colony,
80101475,COL. RES. MAYA,colony,
80101476,COL. RES. MAYA CENTRO,colony,
80101300,COL. RES. MONTE CARLOS,colony,
80101301,COL. RES. MONTE CARMELO,colony,
80101477,COL. RES. MONTE VERDE,colony,
80101302,COL. RES. PINARES,colony,
80101478,COL. RES. PRADOS UNIVERSITARIO,colony,
80101479,COL. RES. RIO ALTO,colony,
80101480,COL. RES. SANTA MARIA,colony,
80101471,COL. RES. TONCONTIN,colony,
80101304,COL. RES. VILLA DELMY,colony,
80101482,COL. RES. VILLA UNIVERSITARIA,colony,
80101483,COL. RES. PUERTO DE SOL,colony,
80101484,COL. RESIDENCIAL LA CAÑADA,colony,
80101485,COL. RESIDENCIAL PLAZA,colony,
8014603,COL. REYNIEL FUNEZ,colony,
80101307,COL. RIO GRANDE NORTE,colony,
80101308,COL. RIO GRANDE SUR,colony,
80101673,COL. RIO HONDO,colony,
80101309,COL. RIVAS,colony,
80101486,COL. RIVERA DE LA VEGA,colony,
80101310,COL. ROBERTO SUAZO CORDOVA,colony,
80101312,COL. RODRIGUEZ,colony,
80101487,COL. ROMA O COVIDEPROL,colony,
80101313,COL. ROSA LINDA,colony,
80101314,COL. RUBEN DARIO,colony,
80101315,COL. SABANAGRANDE,colony,
80101316,COL. SAGASTUME NO. 1,colony,
80101317,COL. SAN ANGEL,colony,
80101318,COL. SAN BUENA VENTURA,colony,
80101319,COL. SAN CARLOS,colony,
80101320,COL. SAN FRANCISCO,colony,
80101719,COL. SAN JORGE,colony,
80101321,COL. SAN JOSE,colony,
80101489,COL. SAN JOSE DE LA MONTAÑA,colony,
80101322,COL. SAN JOSE DE LA PEÑA,colony,
80101323,COL. SAN JOSE DE LA VEGA,colony,
80101490,COL. SAN JOSE DEL LOARQUE,colony,
80101303,COL. SAN JOSE DE LOS LLANOS,colony,
80101491,COL. SAN JUAN BOSCO,colony,
80101325,COL. SAN JUAN DEL NORTE NO. 2,colony,
80101324,COL. SAN JUAN DEL NORTE NO.1,colony,
80101327,COL. SAN LORENZO,colony,
80101326,COL. SAN LUIS,colony,
80101328,COL. SAN MARTIN,colony,
80101329,COL. SAN MIGUEL,colony,
80102035,COL. SAN MIGUEL ARCANGEL,colony,
80101380,COL. SAN RAFAEL,colony,
80101330,COL. SANTA ANITA O EL QUEBRACH,colony,
80101331,COL. SANTA BARBARA,colony,
80101332,COL. SANTA CECILIA NO.1,colony,
80101706,COL. SANTA CRUZ,colony,
80101087,COL. SANTA EDUVIGES,colony,
80101333,COL. SANTA FE,colony,
80101334,COL. SANTA ISABEL,colony,
80101336,COL. SANTA ISABEL NO.2,colony,
80101494,COL. SANTA ISABEL O PALMAS OESTE,colony,
80101337,COL. SANTO DOMINGO,colony,
80101658,COL. SARAHENLA,colony,
80101338,COL. SATELITE,colony,
80101339,COL. SEMPE,colony,
80101340,COL. SMITH NO. 1,colony,
80101341,COL. SMITH NO. 2,colony,
80101342,COL. SOTO,colony,
80101370,COL. SUNLACAL,colony,
80101495,COL. SUPERACION,colony,
80101496,COL. SUYAPITA,colony,
80101343,COL.TEPEYAC,colony,
80101497,COL. TILOARQUE,colony,
80101345,COL. TOROCAGUA,colony,
80101348,COL. TRES CAMINOS,colony,
80101349,COL. TRES DE MAYO,colony,
80101656,COL. UNIDAD Y FUERZA,colony,
80101499,COL. VENECIA,colony,
80101717,COL. VENEZUELA,colony,
8014501,COL. VIA VICTORIA,colony,
80101355,COL. VICTOR F. ARDON,colony,
80101356,COL. VIEJA SANTA ROSA,colony,
80101357,COL. VIERA,colony,
80101705,COL. VILLA ALCALDIA,colony,
80101676,COL. VILLA CAMPESINA,colony,
80101500,COL. VILLA CENTRO AMERICA,colony,
80101501,COL. VILLA CENTRO AMERICANA,colony,
80101678,COL. VILLA CRISTINA,colony,
80101669,COL. VILLA DE ORIENTE,colony,
80101359,COL. VILLA DELMY,colony,
80101305,COL. VILLA ESPANOLA,colony,
80101360,COL. VILLA FRANCA,colony,
80101361,COL. VILLA LOS LAURELES,colony,
80101503,COL. VILLA LOS REYES,colony,
80101642,COL. VILLA MORALES,colony,
80101504,COL. VILLA NELITA,colony,
80101634,COL. VILLA NUEVA,colony,
80101362,COL. VILLA NUEVA NORTE,colony,
80101363,COL. VILLA NUEVA SUR,colony,
80101367,COL. VILLA NUEVA SUYAPA,colony,
80101665,COL. VILLA OLIMPICA,colony,
10000050,COL. VILLA ROSALIA,colony,
80101364,COL. VILLA SAN ANTONIO O BOQUE,colony,
80101505,COL. VILLA SAN CARALAMPIO,colony,
80101585,VILLA SAN ROQUE,other,
80101614,COL. VILLA SANTA CLARA,colony,
80101506,COL. VILLA UNION,colony,
80101631,COL. VILLA VIEJA,colony,
80101507,COL. VILLAS DEL RIO,colony,
80101679,COL. VILLEDA MORALES,colony,
80101508,COL. VISTA HERMOSA,colony,
80101368,COL. ZAPOTE CENTRO,colony,
80101369,COL. ZAPOTE NORTE,colony,
80101531,COL. ZONA MIRAFLORES SUR,colony,
80101510,COL.. LOMAS DE MIRAFLORES SUR,colony,
80101381,COL.1ERO DE DICIEMBRE,colony,
80101533,COL.ALTOS DE LA JOYA,colony,
80101575,COL.ALTOS DE LA LAGUNA,colony,
80101106,COL.ALTOS DE SAN FRANCISCO,colony,
80101562,COL.ALTOS DEL PARAISO NO. 2,colony,
80101511,COL.ARCIERI,colony,
80101577,COL.ARCIERI NO. 2,colony,
80101525,COL.ARMANDO CALIDONIO,colony,
80101578,COL.AURORA NO. 2,colony,
80101540,COL.CASANDRA,colony,
80101512,COL.DAVID BETANCOURT,colony,
80101554,COL.DE LA VEGA,colony,
80101530,COL.EL CONTADOR,colony,
80101150,COL.EL RETIRO,colony,
80101415,COL.INDEPENDIENTE,colony,
80101543,COL.JESUS AGUILAR PAZ,colony,
80101538,COL.LA LEONESA DEL RINCON,colony,
80101529,COL.LOMA SUR,colony,
80101530,COL.LOMAS DEL LOARQUE,colony,
80101523,COL.LOS ALPES,colony,
80101521,COL.LOS ALPES NO. 2,colony,
80101527,COL.LOS ALPES B/16,colony,
80101246,COL.LOS ROBLES,colony,
80101569,COL.LUIS ANDRES ZUNIGA,colony,
80101534,COL.MARY DE FLORES,colony,
80101514,COL.MONTES DE BENDICION,colony,
80101549,COL.NUEVA EDEN,colony,
80101565,COL.PUENTE DE LOARQUE O COLINA,colony,
80101551,COL.RAMON AMAYA AMADOR NO2,colony,
80101556,COL.SAGASTUME NO.2,colony,
80101555,COL.SANTA ANA,colony,
80101532,COL.SANTA CECILIA,colony,
80101351,COL.VALENCIA,colony,
80101674,COL.VIENA,colony,
801101001,COL.VILLA FORESTA,colony,
80101552,COL.VILLAS COLONIALES ALTOS DE,colony,
80101670,COLONIA PRADOS UNIVERSITARIOS,other,
80122024,CRUCE DE LA CANADA,other,
80103039,CUERO COLGADO,other,
80105003,DESVIO A GUASCULIE,other,
80129003,EL ACEITUNO,other,
80103003,EL AGUACATE,other,
80103004,EL ALAMO,other,
80141004,EL APROBAR,other,
80101591,EL ARCO,other,
80103005,EL BOQUERON,other,
80141005,EL CORBOLLON,other,
80103006,EL CARRIZAL,other,
80122025,EL CERRO,other,
80104003,EL CIRUELO,other,
8015201,EL DURAZNO,other,
80106002,EL ESPINAL,other,
80101592,EL GUANABANO,other,
80101593,EL GUAYABAL,other,
80136019,EL GUAYABO,other,
80140003,EL HIGO,other,
80103040,EL INCIENSIO,other,
80140004,EL JICARO,other,
80140005,EL JUTE O SABANAS DEL TORO,other,
80136006,EL MACUELIZO,other,
80103047,EL MOGOTE,other,
80103009,EL MOZOTAL,other,
80140008,EL NARANJO,other,
80102023,EL OREGANO,other,
80104009,EL OTRO LADO DE LA QDA,other,
80103041,EL PORTILLO,other,
80136007,EL PORTILLO DE LA CRUZ,other,
80137003,EL PORTILLO DEL DURAZNO,other,
80101602,EL QUEBRACHITO,other,
80139003,EL RECREO,other,
80102007,EL REVENTON,other,
80103011,EL RINCON,other,
80103012,EL RODEO,other,
80141010,EL RUSIO,other,
80101595,EL SAUCE,other,
80101604,EL SUYATILLO,other,
80141011,EL TERRERO,other,
80141012,EL TIGRE,other,
80101636,EL TIZATILLO,other,
80101156,EL ZARZAL O BETANIA,other,
80102008,EL ZURZULAR,other,
80101515,ERENDIDA,other,
80104010,FINCA VALENCIA,other,
80101553,I.P.M,other,
80102012,JICARAL,other,
80101584,KUWAIT,other,
80102028,LA CANADA DEL MUERTO,other,
80101568,LA CASCADA,other,
80106003,LA COLMENA,other,
80141015,LA CULEBRA,other,
80103018,LA ESTANCIA,other,
80136009,LA LAGUNITA NO.1,other,
80136010,LA LAGUNITA NO.2,other,
80136011,LA MONTAÑA,other,
80102014,LA PELLEJA,other,
80103023,LA PUERTA,other,
80106006,LA QUESERA,other,
80103024,LA REDONDA,other,
80102029,LA RONCA,other,
80122026,LA VENTA,other,
80102030,LA VUELTA DE LOS LIMONES,other,
80103025,LA VUELTA DEL HORNO,other,
80105002,LAS FLORES,other,
80101581,LAS HADAS II ETAPA,other,
80104004,LAS MARIAS,other,
80102016,LAS MORAS,other,
80110201,LAS PILAS,other,
80103026,LAS TRANCAS,other,
80103027,LAS TROJAS,other,
80101542,LOMAS DE SAN JOSE II ETAPA,other,
80101596,LOMAS DEL HATILLO,other,
80102017,LOS BALLOS,other,
80136013,LOS ENCINOS,other,
80103028,LOS ENCUENTROS,other,
80101597,LOS LAURELES,other,
80103029,LOS LIMONES,other,
80101583,LOS OLIVOS,other,
80136021,LOS PLANCHONES,other,
80103042,LOS POZOS,other,
80101516,LOTIFICACION ALTOS DE LA LOMA,other,
80101571,MACROALBEGUE EL TREBOL NO. 1,other,
80141019,MALGUARITA,other,
8012701,MATEO,other,
80103031,MATUAZ,other,
80101601,MOLOLOA,other,
80136022,MONTAÑA DE AZACUALPA,other,
80103043,MONTE CRUDO,other,
80101600,MONTE FRESCO,other,
80101267,MONTES DE SINAI,other,
80136014,MULULAR,other,
80104005,PASO BLANCO,other,
80101576,PASEO O FINCA LOS LAURELES,other,
80141026,PENITENCIARIA CENTRAL,other,
80101599,PIE GIGANTE,other,
80141027,POTRERILLOS,other,
80103045,QDA. EL RAICERO,other,
80101606,QUEBRACHAL EL OCOTAL,other,
80106005,QUEBRADA HONDA,other,
80138004,QUIEBRA MONTES,other,
80136016,QUISCAMONTE,other,
80102019,RANCHO AMARATECA,other,
80101646,RES. AGUA DULCE,residential,
80101376,RES. ALEMAN,residential,
80101721,RES. CENTROAMERICA,residential,
80101517,RES. CONDOMINIOS VIERA,residential,
80101651,RES. EL MOLINON,residential,
10000023,RES. IZCAYA,residential,
80101582,RES. LA ESTANCIA,residential,
80101628,RES. LA GRANJA,residential,
80101724,RES. LAS CASITAS,residential,
80101648,RES. LAS UVAS,residential,
80101626,RES. LOMAS DE LA FLORIDA,residential,
80101643,RES. LOMAS MARIA AUXILIADORA,residential,
80101715,RES. LOS EUCALIPTOS,residential,
80101668,RES. LOS HIDALGOS,residential,
80101627,RES. LOS PORTALES,residential,
80101587,RES. PALMA REAL,residential,
80101664,RES. SAN JUAN,residential,
80101680,RES. SAN SEBASTIAN,residential,
80101723,RES. SANTA CRISTINA,residential,
80101654,RES. VEGAS DEL RIO,residential,
80101621,RES. VENECIA,residential,
80101619,RES. VIA VENNETTO,residential,
80101720,RES. VILLA AURORA,residential,
80101710,RES. VILLA CENTROAMERICANA,residential,
80101725,RES. VILLA ESMERALDA,residential,
80101557,RES.EL TRAPICHE,residential,
80101526,RES.LOMAS DE NAUVOO,residential,
80101558,RES.VILLAS PALMAS DE SAN IGNACIO,residential,
80101563,RES.VILLAS UNIVERSITARIAS NO.2,residential,
80101607,RESIDENCIAL EMANUEL,residential,
80139006,RESIDENCIAL ENMANUEL,residential,
80101707,RESIDENCIAL HACIENDA REAL,residential,
80101588,RESIDENCIAL NUEVA AUSTRALIA,residential,
80101657,RESIDENCIAL VENECIA,residential,
80137006,RESIDENCIAL VILLA LIA,residential,
80137007,RESIDENCIAL VISTA AL VALLE,residential,
80136017,RESISAPA,other,
80136023,RINCON DE DOLORES,other,
80102020,RIO FRIO,other,
80101564,ROBLE ALTO,other,
80101598,SABANA DEL RINCON,other,
80140012,SACAHUALAS,other,
80104007,SAN ANTONIO DE LA LECHE,other,
80140001,SAN JOSE DE SOROGUARA,other,
80101605,SANTA CLARA,other,
80137001,SANTA CRUZ ABAJO,other,
80138001,SANTA CRUZ ARRIBA,other,
80103036,SANTA ELENA,other,
80122019,SANTA FE,other,
80122021,SANTA REGINA,other,
80139001,SANTA ROSA,other,
80102021,SANTA ROSITA,other,
80103037,SUNTULE,other,
80101566,UNION Y FUERZA,other,
80101559,UNIVERSIDAD ESTE,other,
80101579,URBANIZACION AGUA DULCE,other,
80101518,URBANIZACION LA CUMBRE,other,
80101519,URBANIZACION LOMA VERDE,other,
80101520,ZONA INDUSTRIAL CAPRISA,other,
